{
	"credit": "Made with Blockbench",
	"textures": {
		"0": "block/hay_block_side",
		"1": "block/hay_block_top",
		"2": "block/dark_oak_planks",
		"particle": "block/hay_block_side"
	},
	"elements": [
		{
			"from": [7, 14, 7],
			"to": [9, 32, 9],
			"rotation": {"angle": 0, "axis": "y", "origin": [7, 0, 7]},
			"faces": {
				"north": {"uv": [5, 0, 9, 16], "texture": "#2"},
				"east": {"uv": [5, 0, 9, 16], "texture": "#2"},
				"south": {"uv": [5, 0, 9, 16], "texture": "#2"},
				"west": {"uv": [5, 0, 9, 16], "texture": "#2"},
				"up": {"uv": [6, 6, 10, 10], "texture": "#2"}
			}
		},
		{
			"from": [4, 0, 4],
			"to": [12, 12, 12],
			"rotation": {"angle": 0, "axis": "y", "origin": [7, 0, 7]},
			"faces": {
				"north": {"uv": [0, 4, 16, 11], "texture": "#0"},
				"east": {"uv": [0, 4, 16, 11], "texture": "#0"},
				"south": {"uv": [0, 4, 16, 11], "texture": "#0"},
				"west": {"uv": [0, 4, 16, 11], "texture": "#0"},
				"up": {"uv": [0, 0, 16, 16], "texture": "#1"},
				"down": {"uv": [0, 0, 16, 16], "texture": "#1"}
			}
		},
		{
			"from": [5, 12, 5],
			"to": [11, 14, 11],
			"rotation": {"angle": 0, "axis": "y", "origin": [8, 13, 8]},
			"faces": {
				"north": {"uv": [2, 2, 14, 4], "texture": "#0"},
				"east": {"uv": [2, 2, 14, 4], "texture": "#0"},
				"south": {"uv": [2, 2, 14, 4], "texture": "#0"},
				"west": {"uv": [2, 2, 14, 4], "texture": "#0"},
				"up": {"uv": [2, 2, 14, 14], "texture": "#1"}
			}
		}
	],
	"display": {
		"thirdperson_righthand": {
			"rotation": [64, 0, 0],
			"translation": [0, -4, -5.75],
			"scale": [0.8, 0.8, 0.8]
		},
		"thirdperson_lefthand": {
			"rotation": [105, 0, 0],
			"translation": [0, 0, -4],
			"scale": [0.8, 0.8, 0.8]
		},
		"firstperson_righthand": {
			"translation": [1, -8, 2]
		},
		"firstperson_lefthand": {
			"translation": [0, -8, 2]
		},
		"ground": {
			"translation": [0, 4, 0]
		},
		"gui": {
			"rotation": [0, 0, -45],
			"translation": [-4, -4, 0],
			"scale": [0.8, 0.8, 0.8]
		},
		"head": {
			"translation": [0, 6, 0]
		},
		"fixed": {
			"rotation": [-90, 0, 0],
			"translation": [0, 0, -16],
			"scale": [2, 2, 2]
		}
	}
}